{
        "arquivo":[
            {
                "nome":"Artigosss 1 - cat B",
                "link":"http://semanticommunity.info/@api/deki/files/4686/=10.1.1.115.9584.pdf"
            },
            {
                "nome":"Artigoss 2- cat B",
                "link":"http://ceur-ws.org/Vol-40/maedche+staab.pdf"
            },
            {
                "nome":"Artigos 3 - cat B",
                "link":"http://classweb.gmu.edu/kersch/infs770/Semantic_Web_16_2/Semantic%20Web.pdf"
            },
            {
                "nome":"Artigo 3- cat B",
                "link":"http://classweb.gmu.edu/kersch/infs770/Semantic_Web_16_2/Semantic%20Web.pdf"
            },
            {
                "nome":"Artigo 3- cat B",
                "link":"http://classweb.gmu.edu/kersch/infs770/Semantic_Web_16_2/Semantic%20Web.pdf"
            }
        ]
}

